{"RN ten Doeschate":4,"J Yadav":4.142857142857142,"V Kohli":5.454545454545454,"R Ashwin":5.871794871794871,"S Nadeem":6.142857142857142,"Parvez Rasool":6.200000000000001,"MC Henriques":6.516556291390728,"Z Khan":6.534246575342465,"M Vijay":7,"GB Hogg":7.0476190476190474}